n_rows,n_embryos,min_value,q1_value,median_value,mean_value,q3_value,max_value,sd_value
744,31,0.674180756,1.3542594835,1.6698905714999999,3.442970983395161,2.20080250475,55.9874442,7.038856878739763
