rule_name,rule_type,rule_threshold,chromosome_abs_cutoff,n_embryos,sensitivity,specificity,accuracy,true_positive,true_negative,false_positive,false_negative
mean_abs_log2like_gt_threshold,mean_abs,0.4056094001782978,0.44356891552242833,26,0,0.8571428571428571,0.23076923076923078,0,6,1,19
sum_abs_log2like_gt_threshold,sum_abs,8.923406803922552,0.44356891552242833,26,0,0.8571428571428571,0.23076923076923078,0,6,1,19
ge_3_abnormal_chromosomes,count,3,0.44356891552242833,26,0,0.7142857142857143,0.19230769230769232,0,5,2,19
ge_1_abnormal_chromosome,count,1,0.44356891552242833,26,0.631578947368421,0.42857142857142855,0.5769230769230769,12,3,4,7
ge_2_abnormal_chromosomes,count,2,0.44356891552242833,26,0.21052631578947367,0.42857142857142855,0.2692307692307692,4,3,4,15
